country,year,csantimv,CSO anti-system movements CI (Low),CSO anti-system movements CI (High),engage,Engaged society CI (Low),Engaged society CI (High),online_content,Government capacity to regulate online content CI (Low),Government capacity to regulate online content CI (High),cybersecurity,Government cyber security capacity CI (Low),Government cyber security capacity CI (High),false_abroad,Government dissemination of false information abroad CI (Low),Government dissemination of false information abroad CI (High),false_domestic,Government dissemination of false information domestic CI (Low),Government dissemination of false information domestic CI (High),filtering,Government Internet filtering capacity CI (Low),Government Internet filtering capacity CI (High),filtering_pract,Government Internet filtering in practice CI (Low),Government Internet filtering in practice CI (High),shutdown,Government Internet shut down capacity CI (Low),Government Internet shut down capacity CI (High),shutdown_practice,Government Internet shut down in practice CI (Low),Government Internet shut down in practice CI (High),approach,Government online content regulation approach CI (Low),Government online content regulation approach CI (High),alternatives,Government social media alternatives CI (Low),Government social media alternatives CI (High),censorship,Government social media censorship in practice CI (Low),Government social media censorship in practice CI (High),monitoring,Government social media monitoring CI (Low),Government social media monitoring CI (High),socialmedia_shutdown,Government social media shut down in practice CI (Low),Government social media shut down in practice CI (High),Ideology,Ideology CI (Low),Ideology CI (High),fractionalization,Online media fractionalization CI (Low),Online media fractionalization CI (High),polarization,Polarization of society CI (Low),Polarization of society CI (High),organize,Use of social media to organize offline violence CI (Low),Use of social media to organize offline violence CI (High),oversight,Executive oversight CI (Low),Executive oversight CI (High),constraints,Legislative constraints on the executive index CI (Low),Legislative constraints on the executive index CI (High),resources,Legislature controls resources CI (Low),Legislature controls resources CI (High),corrupt,Legislature corrupt activities CI (Low),Legislature corrupt activities CI (High),investigates,Legislature investigates in practice CI (Low),Legislature investigates in practice CI (High),opposition,Legislature opposition parties CI (Low),Legislature opposition parties CI (High),questions,Legislature questions officials in practice CI (Low),Legislature questions officials in practice CI (High)
China,2000,0.454,0.232,0.631,1.694,1.341,2.013,3.058,2.75,3.402,3.271,2.893,3.575,1.213,0.803,1.583,1.62,1.348,1.985,2.185,1.903,2.442,1.237,0.903,1.567,3.73,3.599,3.997,1.994,1.581,2.461,1.397,1.16,1.666,1.706,1.39,2.071,2.59,2.36,2.88,0.838,0.555,1.193,1.822,1.42,2.236,null,null,null,3.552,3.309,3.891,1.899,1.501,2.291,0.968,0.815,1.132,0.34,0.041,0.51,0.054,0.017,0.131,0.036,0,0.07,2.434,2.053,3.039,0.154,0,0.259,0.037,0,0.075,0.048,0,0.087
China,2001,0.454,0.232,0.631,1.853,1.496,2.189,3.058,2.75,3.402,3.271,2.893,3.575,1.213,0.803,1.583,1.62,1.348,1.985,2.185,1.903,2.442,1.237,0.903,1.567,3.73,3.599,3.997,1.994,1.581,2.461,1.397,1.16,1.666,1.706,1.39,2.071,2.59,2.36,2.88,0.838,0.555,1.193,1.822,1.42,2.236,null,null,null,3.552,3.309,3.891,1.899,1.501,2.291,0.968,0.815,1.132,0.34,0.041,0.51,0.054,0.017,0.131,0.036,0,0.07,2.434,2.053,3.039,0.154,0,0.259,0.037,0,0.075,0.048,0,0.087
China,2002,0.454,0.232,0.631,2.107,1.731,2.461,3.058,2.75,3.402,3.271,2.893,3.575,1.213,0.803,1.583,1.62,1.348,1.985,2.185,1.903,2.442,1.237,0.903,1.567,3.73,3.599,3.997,1.994,1.581,2.461,1.397,1.16,1.666,1.706,1.39,2.071,2.59,2.36,2.88,0.838,0.555,1.193,1.822,1.42,2.236,null,null,null,3.552,3.309,3.891,1.899,1.501,2.291,0.968,0.815,1.132,0.34,0.041,0.51,0.054,0.017,0.131,0.036,0,0.07,2.434,2.053,3.039,0.154,0,0.259,0.037,0,0.075,0.048,0,0.087
China,2003,0.454,0.232,0.631,2.178,1.802,2.535,3.058,2.75,3.402,3.271,2.893,3.575,1.213,0.803,1.583,1.62,1.348,1.985,2.185,1.903,2.442,1.237,0.903,1.567,3.73,3.6,3.999,1.994,1.581,2.461,1.397,1.16,1.666,1.706,1.39,2.071,2.59,2.36,2.88,0.838,0.555,1.193,1.822,1.42,2.236,null,null,null,3.552,3.309,3.891,1.899,1.501,2.291,0.968,0.815,1.132,0.34,0.041,0.51,0.054,0.017,0.131,0.036,0,0.07,2.434,2.053,3.039,0.154,0,0.259,0.037,0,0.075,0.048,0,0.087
China,2004,0.454,0.232,0.631,2.328,1.985,2.745,3.058,2.75,3.402,3.271,2.893,3.575,1.213,0.803,1.583,1.62,1.348,1.985,2.185,1.903,2.442,1.237,0.903,1.567,3.723,3.59,3.996,1.994,1.581,2.461,1.397,1.16,1.666,1.706,1.39,2.071,2.59,2.36,2.88,0.838,0.555,1.193,1.822,1.42,2.236,null,null,null,3.552,3.309,3.891,1.899,1.501,2.291,0.968,0.815,1.132,0.34,0.041,0.51,0.054,0.017,0.131,0.036,0,0.07,2.434,2.053,3.039,0.154,0,0.259,0.037,0,0.075,0.048,0,0.087
China,2005,0.454,0.232,0.631,2.264,1.932,2.519,3.058,2.75,3.402,3.271,2.893,3.575,1.213,0.803,1.583,1.62,1.348,1.985,2.185,1.903,2.442,1.237,0.903,1.567,3.718,3.592,4,1.994,1.581,2.461,1.397,1.16,1.666,1.706,1.39,2.071,2.59,2.36,2.88,0.838,0.555,1.193,1.822,1.42,2.236,null,null,null,3.552,3.309,3.891,1.899,1.501,2.291,0.968,0.815,1.132,0.411,0.098,0.595,0.069,0.027,0.147,0.063,0,0.107,2.331,2.06,2.916,0.245,0.028,0.359,0.026,0,0.053,0.034,0,0.061
China,2006,0.511,0.294,0.708,2.373,2.068,2.654,3.058,2.75,3.402,3.271,2.893,3.575,1.213,0.803,1.583,1.62,1.348,1.985,2.285,2.001,2.535,1.15,0.846,1.511,3.86,3.764,4,1.994,1.581,2.461,1.397,1.16,1.666,1.706,1.39,2.071,2.59,2.36,2.88,0.838,0.555,1.193,1.822,1.42,2.236,null,null,null,3.552,3.309,3.891,1.899,1.501,2.291,0.968,0.815,1.132,0.627,0.36,0.871,0.074,0.035,0.155,0.064,0,0.109,2.333,2.069,2.876,0.243,0.046,0.378,0.026,0,0.053,0.036,0,0.069
China,2007,0.511,0.294,0.708,2.496,2.191,2.793,3.058,2.75,3.402,3.271,2.893,3.575,1.213,0.803,1.583,1.62,1.348,1.985,2.285,2.001,2.535,1.15,0.846,1.511,3.86,3.764,4,1.994,1.581,2.461,1.397,1.16,1.666,1.706,1.39,2.071,2.59,2.36,2.88,0.838,0.555,1.193,1.822,1.42,2.236,null,null,null,3.552,3.309,3.891,1.899,1.501,2.291,0.968,0.815,1.132,0.422,0.114,0.632,0.06,0.026,0.128,0.065,0,0.11,2.333,2.069,2.876,0.243,0.046,0.378,0.026,0,0.053,0.035,0,0.062
China,2008,0.684,0.463,0.875,2.508,2.228,2.818,3.058,2.75,3.402,3.271,2.893,3.575,1.213,0.803,1.583,1.62,1.348,1.985,2.285,2.001,2.535,1.154,0.785,1.452,3.86,3.764,4,1.994,1.581,2.461,1.397,1.16,1.666,1.706,1.39,2.071,2.59,2.36,2.88,0.838,0.555,1.193,1.822,1.42,2.236,null,null,null,3.552,3.309,3.891,1.899,1.501,2.291,0.968,0.815,1.132,0.404,0.108,0.603,0.06,0.028,0.114,0.065,0,0.11,2.342,2.036,2.894,0.25,0.029,0.369,0.025,0,0.052,0.035,0,0.062
China,2009,0.684,0.463,0.875,2.519,2.236,2.815,3.058,2.75,3.402,3.271,2.893,3.575,1.19,0.81,1.562,1.617,1.321,1.943,2.285,2.001,2.535,1.154,0.785,1.452,3.864,3.766,4,1.994,1.581,2.461,1.397,1.16,1.666,1.706,1.39,2.071,2.59,2.36,2.88,0.838,0.555,1.193,1.822,1.42,2.236,null,null,null,3.552,3.309,3.891,1.899,1.501,2.291,0.968,0.815,1.132,0.404,0.108,0.603,0.06,0.028,0.114,0.065,0,0.11,2.342,2.036,2.894,0.25,0.029,0.369,0.025,0,0.052,0.035,0,0.062
China,2010,0.57,0.36,0.766,2.519,2.226,2.787,3.058,2.75,3.402,3.271,2.893,3.575,1.19,0.81,1.562,1.504,1.204,1.837,2.285,2.001,2.535,1.154,0.785,1.452,3.877,3.79,4,1.994,1.581,2.461,1.397,1.16,1.666,1.737,1.417,2.082,2.59,2.36,2.88,0.861,0.564,1.17,1.822,1.42,2.236,null,null,null,3.552,3.309,3.891,1.899,1.501,2.291,0.968,0.815,1.132,0.422,0.149,0.645,0.088,0.039,0.188,0.065,0,0.111,2.346,2.065,2.868,0.243,0.026,0.364,0.029,0,0.056,0.156,0.04,0.234
China,2011,0.57,0.36,0.766,2.504,2.185,2.779,3.058,2.75,3.402,3.271,2.893,3.575,1.133,0.813,1.551,1.392,1.07,1.732,2.285,2.001,2.535,1.154,0.785,1.452,3.877,3.79,4,1.994,1.581,2.461,1.397,1.16,1.666,1.737,1.417,2.082,2.59,2.36,2.88,0.861,0.564,1.17,1.822,1.42,2.236,null,null,null,3.552,3.309,3.891,1.899,1.501,2.291,0.968,0.815,1.132,0.409,0.093,0.611,0.058,0.023,0.117,0.068,0,0.112,2.266,1.966,2.698,0.243,0.026,0.364,0.029,0,0.056,0.032,0,0.063
China,2012,0.763,0.591,0.931,2.027,1.824,2.198,3.058,2.75,3.402,3.271,2.893,3.575,1.133,0.813,1.551,1.392,1.07,1.732,2.285,2.001,2.535,1.154,0.785,1.452,3.887,3.793,4,1.994,1.581,2.461,1.397,1.16,1.666,1.737,1.417,2.082,2.59,2.36,2.88,0.788,0.525,1.149,1.78,1.412,2.229,null,null,null,3.552,3.309,3.891,1.899,1.501,2.291,0.968,0.815,1.132,0.763,0.536,0.972,0.115,0.055,0.208,0.04,0,0.072,2.266,1.966,2.698,0.272,0.085,0.393,0.086,0,0.124,0.118,0.023,0.174
China,2013,0.694,0.468,0.886,2.329,1.949,2.611,3.058,2.75,3.402,3.271,2.893,3.575,0.975,0.592,1.334,0.688,0.245,1.015,2.529,2.305,2.818,1.162,0.818,1.485,3.887,3.793,4,1.994,1.581,2.461,1.397,1.16,1.666,1.737,1.417,2.082,2.59,2.36,2.88,0.79,0.5,1.136,1.726,1.364,2.161,null,null,null,3.552,3.309,3.891,1.899,1.501,2.291,0.968,0.815,1.132,0.411,0.037,0.584,0.07,0.031,0.135,0.081,0,0.134,2.288,1.978,2.87,0.278,0.034,0.415,0.033,0,0.064,0.029,0,0.059
China,2014,0.699,0.478,0.926,2.347,1.99,2.657,3.058,2.75,3.402,3.271,2.893,3.575,0.98,0.653,1.375,0.688,0.245,1.015,2.532,2.314,2.838,1.162,0.818,1.485,3.887,3.793,4,1.994,1.581,2.461,1.397,1.16,1.666,1.737,1.417,2.082,2.59,2.36,2.88,0.79,0.5,1.136,1.726,1.364,2.161,null,null,null,3.552,3.309,3.891,1.899,1.501,2.291,0.968,0.815,1.132,0.38,0.05,0.573,0.055,0.017,0.139,0.089,0,0.144,2.383,2.036,3.001,0.28,0.016,0.405,0.034,0,0.067,0.03,0,0.065
China,2015,0.475,0.249,0.69,2.044,1.542,2.393,3.058,2.75,3.402,3.271,2.893,3.575,0.936,0.621,1.334,0.678,0.281,1.036,2.513,2.287,2.822,1.162,0.818,1.485,3.887,3.793,4,1.994,1.581,2.461,1.397,1.16,1.666,1.737,1.417,2.082,2.59,2.36,2.88,0.79,0.5,1.136,1.726,1.364,2.161,null,null,null,3.552,3.309,3.891,1.899,1.501,2.291,0.968,0.815,1.132,0.38,0.05,0.573,0.069,0.026,0.154,0.089,0,0.144,2.383,2.036,3.001,0.283,0.012,0.409,0.034,0,0.067,0.031,0,0.063
China,2016,0.475,0.249,0.69,2.044,1.542,2.393,3.058,2.75,3.402,3.271,2.893,3.575,0.936,0.621,1.334,0.678,0.281,1.036,2.513,2.287,2.822,1.068,0.68,1.381,3.887,3.793,4,1.994,1.581,2.461,1.397,1.16,1.666,1.737,1.417,2.082,2.59,2.36,2.88,0.79,0.5,1.136,1.726,1.364,2.161,null,null,null,3.552,3.309,3.891,1.899,1.501,2.291,0.968,0.815,1.132,0.38,0.05,0.573,0.073,0.032,0.134,0.089,0,0.144,2.375,2.04,3.083,0.284,0.019,0.4,0.034,0,0.067,0.031,0,0.063
China,2017,0.52,0.291,0.758,2.264,1.836,2.701,3.058,2.75,3.402,3.271,2.893,3.575,0.936,0.621,1.334,0.512,0.08,0.747,2.513,2.287,2.822,1.068,0.68,1.381,3.887,3.793,4,1.994,1.581,2.461,1.397,1.16,1.666,1.737,1.417,2.082,2.59,2.36,2.88,0.79,0.5,1.136,1.726,1.364,2.161,null,null,null,3.552,3.309,3.891,1.899,1.501,2.291,0.968,0.815,1.132,0.371,0,0.526,0.071,0.029,0.16,0.04,0,0.079,2.396,2.064,3.091,0.329,0.069,0.499,0.037,0,0.074,0.03,0,0.061
China,2018,0.512,0.259,0.766,2.104,1.652,2.539,3.058,2.75,3.402,3.271,2.893,3.575,0.936,0.621,1.334,0.494,0.043,0.701,2.513,2.287,2.822,1.068,0.68,1.381,3.887,3.793,4,1.994,1.581,2.461,1.397,1.16,1.666,1.737,1.417,2.082,2.59,2.36,2.88,0.79,0.5,1.136,1.726,1.364,2.161,3.444,3.16,3.854,3.552,3.309,3.891,1.899,1.501,2.291,0.968,0.815,1.132,0.44,0.059,0.664,0.078,0.035,0.175,0.067,0,0.118,2.347,1.971,2.974,0.314,0.022,0.459,0.043,0,0.083,0.034,0,0.07
Hong Kong,2000,0.935,0.716,1.203,2.971,2.575,3.358,1.695,1.3,2.048,2.451,1.986,3.194,3.193,2.885,3.531,2.908,2.53,3.242,1.085,0.741,1.426,3.312,2.958,3.619,0.907,0.262,1.429,3.963,3.927,4,2.945,2.529,3.378,3.466,3.21,3.789,3.936,3.873,4,3.527,3.343,3.983,3.958,3.909,4,3.208,2.866,3.642,1.618,1.185,2.065,2.712,2.165,3.143,1.811,1.711,2,1.814,1.499,2.131,0.47,0.341,0.625,0.705,0.586,0.954,3.348,3.054,3.707,1.032,0.761,1.34,0.625,0.454,0.789,0.965,0.93,1
Hong Kong,2001,0.935,0.716,1.203,2.971,2.575,3.358,1.695,1.3,2.048,2.451,1.986,3.194,3.193,2.885,3.531,2.908,2.53,3.242,1.085,0.741,1.426,3.312,2.958,3.619,0.907,0.262,1.429,3.963,3.927,4,2.945,2.529,3.378,3.466,3.21,3.789,3.936,3.873,4,3.527,3.343,3.983,3.958,3.909,4,3.208,2.866,3.642,1.618,1.185,2.065,2.712,2.165,3.143,1.811,1.711,2,1.814,1.499,2.131,0.47,0.341,0.625,0.705,0.586,0.954,3.348,3.054,3.707,1.032,0.761,1.34,0.625,0.454,0.789,0.965,0.93,1
Hong Kong,2002,0.935,0.716,1.203,2.971,2.575,3.358,1.695,1.3,2.048,2.451,1.986,3.194,3.193,2.885,3.531,2.908,2.53,3.242,1.085,0.741,1.426,3.312,2.958,3.619,0.907,0.262,1.429,3.963,3.927,4,2.945,2.529,3.378,3.466,3.21,3.789,3.936,3.873,4,3.527,3.343,3.983,3.958,3.909,4,3.208,2.866,3.642,1.618,1.185,2.065,2.712,2.165,3.143,1.811,1.711,2,1.814,1.499,2.131,0.47,0.341,0.625,0.705,0.586,0.954,3.348,3.054,3.707,1.032,0.761,1.34,0.625,0.454,0.789,0.965,0.93,1
Hong Kong,2003,1.231,0.982,1.444,2.971,2.575,3.358,1.695,1.3,2.048,2.451,1.986,3.194,3.193,2.885,3.531,2.908,2.53,3.242,1.085,0.741,1.426,3.312,2.958,3.619,0.907,0.262,1.429,3.963,3.927,4,2.945,2.529,3.378,3.466,3.21,3.789,3.936,3.873,4,3.527,3.343,3.983,3.958,3.909,4,3.208,2.866,3.642,1.618,1.185,2.065,2.14,1.71,2.652,1.811,1.711,2,1.814,1.499,2.131,0.47,0.341,0.625,0.705,0.586,0.954,3.348,3.054,3.707,1.032,0.761,1.34,0.625,0.454,0.789,0.965,0.93,1
Hong Kong,2004,1.078,0.827,1.308,3.019,2.619,3.4,1.695,1.3,2.048,2.451,1.986,3.194,3.193,2.885,3.531,2.908,2.53,3.242,1.085,0.741,1.426,3.312,2.958,3.619,0.907,0.262,1.429,3.963,3.927,4,2.945,2.529,3.378,3.466,3.21,3.789,3.936,3.873,4,3.527,3.343,3.983,3.958,3.909,4,3.208,2.866,3.642,1.618,1.185,2.065,2.14,1.71,2.652,1.811,1.711,2,1.814,1.499,2.131,0.47,0.341,0.625,0.705,0.586,0.954,3.348,3.054,3.707,1.032,0.761,1.34,0.625,0.454,0.789,0.965,0.93,1
Hong Kong,2005,0.94,0.708,1.144,3.019,2.619,3.4,1.695,1.3,2.048,2.451,1.986,3.194,3.193,2.885,3.531,2.908,2.53,3.242,1.085,0.741,1.426,3.312,2.958,3.619,0.907,0.262,1.429,3.963,3.927,4,2.945,2.529,3.378,3.466,3.21,3.789,3.936,3.873,4,2.849,2.408,3.282,3.958,3.909,4,3.208,2.866,3.642,1.618,1.185,2.065,2.14,1.71,2.652,1.811,1.711,2,1.814,1.499,2.131,0.47,0.341,0.625,0.705,0.586,0.954,3.348,3.054,3.707,1.032,0.761,1.34,0.625,0.454,0.789,0.965,0.93,1
Hong Kong,2006,0.94,0.708,1.144,3.019,2.619,3.4,1.695,1.3,2.048,2.451,1.986,3.194,3.193,2.885,3.531,2.908,2.53,3.242,1.085,0.741,1.426,3.312,2.958,3.619,0.907,0.262,1.429,3.963,3.927,4,2.945,2.529,3.378,3.466,3.21,3.789,3.936,3.873,4,2.849,2.408,3.282,3.958,3.909,4,3.208,2.866,3.642,1.618,1.185,2.065,2.14,1.71,2.652,1.811,1.711,2,1.814,1.499,2.131,0.47,0.341,0.625,0.705,0.586,0.954,3.348,3.054,3.707,1.032,0.761,1.34,0.625,0.454,0.789,0.965,0.93,1
Hong Kong,2007,0.94,0.726,1.152,3.019,2.619,3.4,1.695,1.3,2.048,2.451,1.986,3.194,3.193,2.885,3.531,2.908,2.53,3.242,1.085,0.741,1.426,3.312,2.958,3.619,0.907,0.262,1.429,3.963,3.927,4,2.945,2.529,3.378,3.466,3.21,3.789,3.936,3.873,4,2.849,2.408,3.282,3.958,3.909,4,3.208,2.866,3.642,1.618,1.185,2.065,2.14,1.71,2.652,1.811,1.711,2,1.814,1.499,2.131,0.47,0.341,0.625,0.705,0.586,0.954,3.348,3.054,3.707,1.032,0.761,1.34,0.625,0.454,0.789,0.965,0.93,1
Hong Kong,2008,0.936,0.725,1.153,3.019,2.619,3.4,1.695,1.3,2.048,2.451,1.986,3.194,3.193,2.885,3.531,2.908,2.53,3.242,1.085,0.741,1.426,3.312,2.958,3.619,0.907,0.262,1.429,3.963,3.927,4,2.945,2.529,3.378,3.466,3.21,3.789,3.936,3.873,4,2.849,2.408,3.282,3.958,3.909,4,3.208,2.866,3.642,1.618,1.185,2.065,1.661,1.088,2.277,1.047,0.926,1.211,1.814,1.499,2.131,0.47,0.341,0.625,0.705,0.586,0.954,3.348,3.054,3.707,1.032,0.761,1.34,0.625,0.454,0.789,0.965,0.93,1
Hong Kong,2009,0.957,0.768,1.166,3.019,2.619,3.4,1.695,1.3,2.048,2.451,1.986,3.194,3.193,2.885,3.531,2.908,2.53,3.242,1.085,0.741,1.426,3.312,2.958,3.619,0.907,0.262,1.429,3.963,3.927,4,2.945,2.529,3.378,3.466,3.21,3.789,3.936,3.873,4,2.849,2.408,3.282,3.958,3.909,4,3.208,2.866,3.642,1.618,1.185,2.065,1.661,1.088,2.277,1.047,0.926,1.211,1.814,1.499,2.131,0.47,0.341,0.625,0.705,0.586,0.954,3.348,3.054,3.707,1.032,0.761,1.34,0.625,0.454,0.789,0.965,0.93,1
Hong Kong,2010,1.078,0.847,1.251,3.006,2.656,3.409,1.681,1.25,2.007,2.616,2.098,3.208,2.301,1.876,2.658,1.591,1.223,2.066,1.064,0.744,1.417,3.312,2.958,3.619,1.555,1.035,2.179,3.963,3.927,4,2.411,2.011,2.755,2.898,2.612,3.393,3.936,3.879,4,2.639,2.166,3.096,3.957,3.91,4,3.208,2.866,3.642,1.618,1.185,2.065,1.161,0.727,1.725,1.047,0.926,1.211,1.814,1.499,2.131,0.47,0.341,0.625,0.705,0.586,0.954,3.348,3.054,3.707,1.032,0.761,1.34,0.625,0.454,0.789,0.965,0.93,1
Hong Kong,2011,1.078,0.847,1.251,3.006,2.656,3.409,1.681,1.25,2.007,2.616,2.098,3.208,2.301,1.876,2.658,1.591,1.223,2.066,1.064,0.744,1.417,3.312,2.958,3.619,1.555,1.035,2.179,3.963,3.927,4,2.411,2.011,2.755,2.898,2.612,3.393,3.936,3.879,4,2.639,2.166,3.096,3.957,3.91,4,3.208,2.866,3.642,1.618,1.185,2.065,1.161,0.727,1.725,1.047,0.926,1.211,1.814,1.499,2.131,0.47,0.341,0.625,0.705,0.586,0.954,3.348,3.054,3.707,1.032,0.761,1.34,0.625,0.454,0.789,0.965,0.93,1
Hong Kong,2012,1.092,0.91,1.305,2.824,2.513,3.279,1.681,1.25,2.007,2.616,2.098,3.208,1.287,0.775,1.763,1.098,0.699,1.654,1.064,0.744,1.417,3.312,2.958,3.619,1.555,1.035,2.179,3.963,3.927,4,2.411,2.011,2.755,2.898,2.612,3.393,3.936,3.879,4,2.26,1.652,2.801,3.957,3.91,4,3.208,2.866,3.642,1.618,1.185,2.065,0.901,0.277,1.33,0.843,0.663,1.062,1.814,1.499,2.131,0.47,0.341,0.625,0.705,0.586,0.954,3.348,3.054,3.707,1.032,0.761,1.34,0.625,0.454,0.789,0.965,0.93,1
Hong Kong,2013,1.092,0.91,1.305,2.824,2.513,3.279,1.681,1.25,2.007,2.616,2.098,3.208,1.287,0.775,1.763,1.098,0.699,1.654,1.064,0.744,1.417,3.312,2.958,3.619,1.555,1.035,2.179,3.963,3.927,4,2.411,2.011,2.755,2.898,2.612,3.393,3.936,3.879,4,2.26,1.652,2.801,3.957,3.91,4,3.208,2.866,3.642,1.618,1.185,2.065,0.901,0.277,1.33,0.843,0.663,1.062,1.814,1.499,2.131,0.47,0.341,0.625,0.705,0.586,0.954,3.348,3.054,3.707,1.032,0.761,1.34,0.625,0.454,0.789,0.965,0.93,1
Hong Kong,2014,1.232,1.061,1.441,2.824,2.513,3.279,1.681,1.25,2.007,2.616,2.098,3.208,1.287,0.775,1.763,1.098,0.699,1.654,1.064,0.744,1.417,3.312,2.958,3.619,1.555,1.035,2.179,3.963,3.927,4,2.411,2.011,2.755,2.898,2.612,3.393,3.936,3.879,4,2.26,1.652,2.801,3.957,3.91,4,3.208,2.866,3.642,1.618,1.185,2.065,0.565,0.057,0.825,0.843,0.663,1.062,1.814,1.499,2.131,0.47,0.341,0.625,0.705,0.586,0.954,3.348,3.054,3.707,1.032,0.761,1.34,0.625,0.454,0.789,0.965,0.93,1
Hong Kong,2015,1.494,1.331,1.684,2.824,2.513,3.279,1.681,1.25,2.007,2.616,2.098,3.208,1.287,0.775,1.763,1.098,0.699,1.654,1.064,0.744,1.417,3.312,2.958,3.619,1.555,1.035,2.179,3.963,3.927,4,2.411,2.011,2.755,2.594,2.203,3.031,3.936,3.879,4,1.999,1.425,2.666,3.957,3.91,4,3.208,2.866,3.642,1.934,1.533,2.373,0.565,0.057,0.825,0.843,0.663,1.062,1.814,1.499,2.131,0.47,0.341,0.625,0.705,0.586,0.954,3.348,3.054,3.707,1.032,0.761,1.34,0.625,0.454,0.789,0.965,0.93,1
Hong Kong,2016,1.416,1.248,1.608,2.824,2.513,3.279,1.681,1.25,2.007,2.616,2.098,3.208,0.933,0.48,1.414,0.483,0.002,0.69,1.064,0.744,1.417,3.312,2.958,3.619,1.555,1.035,2.179,3.963,3.927,4,2.411,2.011,2.755,2.594,2.203,3.031,3.689,3.524,3.952,1.999,1.425,2.666,3.957,3.91,4,3.208,2.866,3.642,1.934,1.533,2.373,0.565,0.057,0.825,0.377,0.014,0.547,1.814,1.499,2.131,0.47,0.341,0.625,0.705,0.586,0.954,3.348,3.054,3.707,1.032,0.761,1.34,0.625,0.454,0.789,0.965,0.93,1
Hong Kong,2017,1.416,1.248,1.608,2.824,2.513,3.279,1.681,1.25,2.007,2.616,2.098,3.208,0.933,0.48,1.414,0.483,0.002,0.69,1.064,0.744,1.417,3.312,2.958,3.619,1.555,1.035,2.179,3.963,3.927,4,2.411,2.011,2.755,2.594,2.203,3.031,3.689,3.524,3.952,1.999,1.425,2.666,3.957,3.91,4,3.208,2.866,3.642,1.934,1.533,2.373,0.565,0.057,0.825,0.377,0.014,0.547,1.814,1.499,2.131,0.47,0.341,0.625,0.705,0.586,0.954,3.348,3.054,3.707,1.032,0.761,1.34,0.625,0.454,0.789,0.965,0.93,1
Hong Kong,2018,1.388,1.113,1.602,2.859,2.479,3.285,1.681,1.25,2.007,2.616,2.098,3.208,0.933,0.48,1.414,0.483,0.002,0.69,1.064,0.744,1.417,3.312,2.958,3.619,1.555,1.035,2.179,3.963,3.927,4,2.411,2.011,2.755,2.594,2.203,3.031,3.689,3.524,3.952,1.999,1.425,2.666,3.957,3.91,4,3.208,2.866,3.642,1.934,1.533,2.373,0.565,0.057,0.825,0.377,0.014,0.547,2.034,1.648,2.361,0.44,0.285,0.599,0.705,0.586,0.954,3.348,3.054,3.707,0.89,0.569,1.215,0.491,0.251,0.671,0.965,0.93,1
Japan,2000,0.18,0,0.301,3.781,3.485,4.082,2.596,2.314,2.852,2.971,2.716,3.221,3.346,3.142,3.6,3.299,3.041,3.566,2.517,2.305,2.802,3.462,3.221,3.857,1.626,1.241,2.092,3.978,3.951,4,2.643,2.332,2.961,3.904,3.832,4,3.664,3.479,3.857,3.297,2.959,3.676,3.973,3.941,4,1.653,1.382,1.925,2.949,2.663,3.172,2.566,2.318,2.836,1.859,1.78,2,3.494,3.287,3.741,0.936,0.891,0.968,0.97,0.945,1,2.503,2.347,2.641,3.316,3.119,3.556,1.612,1.427,1.905,0.987,0.972,1
Japan,2001,0.18,0,0.301,3.781,3.485,4.082,2.596,2.314,2.852,2.971,2.716,3.221,3.333,3.06,3.545,3.31,3.041,3.556,2.517,2.305,2.802,3.462,3.221,3.857,1.626,1.241,2.092,3.978,3.951,4,2.643,2.332,2.961,3.904,3.832,4,3.664,3.479,3.857,3.297,2.959,3.676,3.973,3.941,4,1.653,1.382,1.925,2.949,2.663,3.172,2.566,2.318,2.836,1.859,1.78,2,3.494,3.287,3.741,0.936,0.891,0.968,0.97,0.945,1,2.503,2.347,2.641,3.316,3.119,3.556,1.612,1.427,1.905,0.987,0.972,1
Japan,2002,0.18,0,0.301,3.781,3.485,4.082,2.596,2.314,2.852,2.971,2.716,3.221,3.333,3.06,3.545,3.311,3.042,3.557,2.517,2.305,2.802,3.462,3.221,3.857,1.626,1.241,2.092,3.978,3.951,4,2.643,2.332,2.961,3.904,3.832,4,3.664,3.479,3.857,3.297,2.959,3.676,3.973,3.941,4,1.653,1.382,1.925,2.949,2.663,3.172,2.566,2.318,2.836,1.859,1.78,2,3.494,3.287,3.741,0.936,0.891,0.968,0.97,0.945,1,2.503,2.347,2.641,3.316,3.119,3.556,1.612,1.427,1.905,0.987,0.972,1
Japan,2003,0.18,0.027,0.27,3.781,3.485,4.082,2.596,2.314,2.852,2.971,2.716,3.221,3.333,3.06,3.545,3.311,3.042,3.557,2.517,2.305,2.802,3.462,3.221,3.857,1.626,1.241,2.092,3.978,3.951,4,2.643,2.332,2.961,3.904,3.832,4,3.664,3.479,3.857,3.297,2.959,3.676,3.973,3.941,4,1.653,1.382,1.925,2.949,2.663,3.172,2.566,2.318,2.836,1.859,1.78,2,3.494,3.287,3.741,0.936,0.891,0.968,0.97,0.945,1,2.503,2.347,2.641,3.316,3.119,3.556,1.612,1.427,1.905,0.987,0.972,1
Japan,2004,0.18,0.027,0.27,3.781,3.485,4.082,2.596,2.314,2.852,2.971,2.716,3.221,3.333,3.06,3.545,3.3,3.038,3.554,2.517,2.305,2.802,3.462,3.221,3.857,1.626,1.241,2.092,3.978,3.951,4,2.643,2.332,2.961,3.904,3.832,4,3.664,3.479,3.857,3.297,2.959,3.676,3.973,3.941,4,1.653,1.382,1.925,2.949,2.663,3.172,2.566,2.318,2.836,1.859,1.78,2,3.494,3.287,3.741,0.937,0.864,0.974,0.97,0.945,1,2.503,2.347,2.641,3.316,3.119,3.556,1.643,1.48,1.811,0.987,0.972,1
Japan,2005,0.18,0.027,0.27,3.781,3.485,4.082,2.596,2.314,2.852,2.971,2.716,3.221,3.333,3.06,3.545,3.3,3.038,3.554,2.517,2.305,2.802,3.462,3.221,3.857,1.626,1.241,2.092,3.978,3.951,4,2.643,2.332,2.961,3.904,3.832,4,3.664,3.479,3.857,3.297,2.959,3.676,3.973,3.941,4,1.653,1.382,1.925,2.949,2.663,3.172,2.566,2.318,2.836,1.859,1.78,2,3.494,3.287,3.741,0.937,0.864,0.974,0.97,0.945,1,2.503,2.347,2.641,3.316,3.119,3.556,1.643,1.48,1.811,0.987,0.972,1
Japan,2006,0.18,0.027,0.27,3.781,3.485,4.082,2.596,2.314,2.852,2.971,2.716,3.221,3.333,3.06,3.545,3.32,3.052,3.547,2.517,2.305,2.802,3.462,3.221,3.857,1.626,1.241,2.092,3.978,3.951,4,2.643,2.332,2.961,3.904,3.832,4,3.664,3.479,3.857,3.297,2.959,3.676,3.973,3.941,4,1.653,1.382,1.925,2.949,2.663,3.172,2.566,2.318,2.836,1.859,1.78,2,3.494,3.287,3.741,0.937,0.864,0.974,0.97,0.945,1,2.503,2.347,2.641,3.316,3.119,3.556,1.643,1.48,1.811,0.987,0.972,1
Japan,2007,0.18,0.027,0.27,3.781,3.485,4.082,2.596,2.314,2.852,2.971,2.716,3.221,3.333,3.06,3.545,3.32,3.052,3.547,2.517,2.305,2.802,3.462,3.221,3.857,1.626,1.241,2.092,3.978,3.951,4,2.643,2.332,2.961,3.904,3.832,4,3.664,3.479,3.857,3.297,2.959,3.676,3.973,3.941,4,1.653,1.382,1.925,2.949,2.663,3.172,2.566,2.318,2.836,1.859,1.78,2,3.494,3.287,3.741,0.937,0.864,0.974,0.97,0.945,1,2.503,2.347,2.641,3.316,3.119,3.556,1.643,1.48,1.811,0.987,0.972,1
Japan,2008,0.18,0.027,0.27,3.781,3.485,4.082,2.596,2.314,2.852,2.971,2.716,3.221,3.333,3.06,3.545,3.304,3.045,3.559,2.517,2.305,2.802,3.462,3.221,3.857,1.626,1.241,2.092,3.978,3.951,4,2.643,2.332,2.961,3.904,3.832,4,3.664,3.479,3.857,3.297,2.959,3.676,3.973,3.941,4,1.653,1.382,1.925,2.949,2.663,3.172,2.566,2.318,2.836,1.859,1.78,2,3.494,3.287,3.741,0.937,0.864,0.974,0.97,0.945,1,2.503,2.347,2.641,3.316,3.119,3.556,1.643,1.48,1.811,0.987,0.972,1
Japan,2009,0.18,0.027,0.27,3.781,3.485,4.082,2.596,2.314,2.852,2.971,2.716,3.221,3.333,3.06,3.545,3.299,3.022,3.534,2.517,2.305,2.802,3.462,3.221,3.857,1.626,1.241,2.092,3.978,3.951,4,2.643,2.332,2.961,3.904,3.832,4,3.664,3.479,3.857,3.297,2.959,3.676,3.973,3.941,4,1.653,1.382,1.925,2.949,2.663,3.172,2.566,2.318,2.836,1.859,1.78,2,3.494,3.287,3.741,0.937,0.864,0.974,0.97,0.945,1,2.503,2.347,2.641,3.316,3.119,3.556,1.643,1.48,1.811,0.987,0.972,1
Japan,2010,0.261,0.11,0.387,3.781,3.485,4.082,2.596,2.314,2.852,2.971,2.716,3.221,3.333,3.06,3.545,3.301,3.01,3.526,2.517,2.305,2.802,3.462,3.221,3.857,1.626,1.241,2.092,3.978,3.951,4,2.643,2.332,2.961,3.904,3.832,4,3.664,3.479,3.857,3.297,2.959,3.676,3.948,3.905,4,1.653,1.382,1.925,2.949,2.663,3.172,2.566,2.318,2.836,1.859,1.78,2,3.494,3.287,3.741,0.937,0.864,0.974,0.97,0.945,1,2.503,2.347,2.641,3.316,3.119,3.556,1.643,1.48,1.811,0.987,0.972,1
Japan,2011,0.261,0.11,0.387,3.781,3.485,4.082,2.596,2.314,2.852,2.971,2.716,3.221,3.333,3.06,3.545,3.161,2.906,3.378,2.517,2.305,2.802,3.42,3.18,3.791,1.626,1.241,2.092,3.978,3.951,4,2.643,2.332,2.961,3.904,3.832,4,3.664,3.479,3.857,3.297,2.959,3.676,3.948,3.905,4,1.653,1.382,1.925,2.949,2.663,3.172,2.566,2.318,2.836,1.859,1.78,2,3.494,3.287,3.741,0.937,0.864,0.974,0.97,0.945,1,2.503,2.347,2.641,3.316,3.119,3.556,1.643,1.48,1.811,0.987,0.972,1
Japan,2012,0.261,0.11,0.387,3.74,3.477,4.003,2.596,2.314,2.852,2.971,2.716,3.221,3.333,3.06,3.545,3.161,2.906,3.378,2.517,2.305,2.802,3.42,3.18,3.791,1.626,1.241,2.092,3.978,3.951,4,2.643,2.332,2.961,3.904,3.832,4,3.664,3.479,3.857,3.297,2.959,3.676,3.948,3.905,4,1.653,1.382,1.925,2.949,2.663,3.172,2.566,2.318,2.836,1.727,1.607,1.963,3.494,3.287,3.741,0.937,0.864,0.974,0.97,0.945,1,2.503,2.347,2.641,3.316,3.119,3.556,1.643,1.48,1.811,0.987,0.972,1
Japan,2013,0.166,0.008,0.247,3.649,3.384,4.012,2.596,2.314,2.852,3.004,2.755,3.264,3.333,3.06,3.545,3.189,2.877,3.376,2.517,2.305,2.802,3.42,3.18,3.791,1.626,1.241,2.092,3.978,3.951,4,2.643,2.332,2.961,3.904,3.832,4,3.664,3.479,3.857,3.297,2.959,3.676,3.973,3.945,4,1.653,1.382,1.925,2.949,2.663,3.172,2.566,2.318,2.836,1.727,1.607,1.963,3.556,3.355,3.835,0.945,0.881,0.977,0.96,0.926,1,2.521,2.338,2.725,3.5,3.286,3.791,1.53,1.332,1.776,0.987,0.972,1
Japan,2014,0.166,0.008,0.247,3.649,3.384,4.012,2.596,2.314,2.852,3.004,2.755,3.264,3.333,3.06,3.545,3.293,3.049,3.559,2.517,2.305,2.802,3.678,3.536,3.966,1.626,1.241,2.092,3.978,3.951,4,2.643,2.332,2.961,3.904,3.832,4,3.891,3.82,4,3.748,3.626,3.99,3.973,3.945,4,1.653,1.382,1.925,2.949,2.663,3.172,2.566,2.318,2.836,1.727,1.607,1.963,3.556,3.355,3.835,0.945,0.881,0.977,0.96,0.926,1,2.521,2.338,2.725,3.5,3.286,3.791,1.53,1.332,1.776,0.987,0.972,1
Japan,2015,0.121,0,0.189,3.647,3.259,3.939,2.596,2.314,2.852,3.004,2.755,3.264,3.333,3.06,3.545,3.293,3.049,3.559,2.517,2.305,2.802,3.678,3.536,3.966,1.626,1.241,2.092,3.978,3.951,4,2.643,2.332,2.961,3.904,3.832,4,3.891,3.82,4,3.748,3.626,3.99,3.973,3.945,4,1.653,1.382,1.925,2.949,2.663,3.172,2.566,2.318,2.836,1.727,1.607,1.963,3.628,3.44,3.895,0.946,0.89,0.975,0.96,0.926,1,2.689,2.505,2.926,3.5,3.286,3.791,1.53,1.332,1.776,0.974,0.943,1
Japan,2016,0.121,0,0.189,3.647,3.259,3.939,2.653,2.402,2.949,3.004,2.755,3.264,3.333,3.06,3.545,3.293,3.049,3.559,2.517,2.305,2.802,3.678,3.536,3.966,1.626,1.241,2.092,3.978,3.951,4,2.643,2.332,2.961,3.904,3.832,4,3.891,3.82,4,3.748,3.626,3.99,3.973,3.945,4,1.653,1.382,1.925,2.949,2.663,3.172,2.566,2.318,2.836,1.727,1.607,1.963,3.628,3.44,3.895,0.946,0.89,0.975,0.96,0.926,1,2.689,2.505,2.926,3.5,3.286,3.791,1.53,1.332,1.776,0.974,0.943,1
Japan,2017,0.143,0,0.229,3.641,3.294,3.973,2.656,2.372,2.917,3.005,2.755,3.251,3.339,3.113,3.57,3.312,3.046,3.56,2.526,2.273,2.767,3.678,3.536,3.966,1.647,1.276,2.117,3.978,3.951,4,2.643,2.332,2.961,3.9,3.835,4,3.89,3.822,4,3.51,3.265,3.816,3.975,3.947,4,1.653,1.382,1.925,2.864,2.58,3.086,2.578,2.295,2.807,1.727,1.607,1.963,3.634,3.438,3.873,0.949,0.902,0.975,0.952,0.916,1,2.676,2.455,2.875,3.473,3.258,3.769,1.542,1.355,1.794,0.975,0.945,1
Japan,2018,0.154,0.005,0.241,3.609,3.259,3.995,2.656,2.372,2.917,3.005,2.755,3.251,3.339,3.113,3.57,3.312,3.046,3.56,2.526,2.273,2.767,3.678,3.536,3.966,1.647,1.276,2.117,3.978,3.951,4,2.643,2.332,2.961,3.9,3.835,4,3.89,3.822,4,3.51,3.265,3.816,3.975,3.947,4,1.653,1.382,1.925,2.864,2.58,3.086,2.578,2.295,2.807,1.727,1.607,1.963,3.622,3.418,3.87,0.948,0.893,0.979,0.944,0.905,1,2.702,2.453,2.929,3.469,3.218,3.767,1.526,1.312,1.782,0.97,0.936,1
Mongolia,2000,0.975,0.473,1.433,4.289,3.989,4.622,0.914,0.642,1.185,2.338,2.109,2.566,3.431,3.196,3.766,2.675,2.375,3.034,2.081,1.833,2.39,3.441,3.125,3.728,0.815,0.303,1.189,3.689,3.561,4,1.124,0.796,1.434,3.166,2.932,3.333,3.019,2.854,3.139,2.997,2.75,3.279,3.421,3.241,3.592,1.173,0.874,1.483,0.955,0.613,1.305,1.688,1.354,2.04,1.05,0.943,1.183,2.584,2.195,2.936,0.748,0.605,0.862,0.882,0.825,0.999,1.724,1.48,1.948,2.241,1.971,2.684,1.41,1.199,1.65,0.93,0.872,1
Mongolia,2001,0.975,0.473,1.433,4.289,3.989,4.622,0.914,0.642,1.185,2.338,2.109,2.566,3.431,3.196,3.766,2.675,2.375,3.034,2.081,1.833,2.39,3.441,3.125,3.728,0.815,0.303,1.189,3.689,3.561,4,1.124,0.796,1.434,3.166,2.932,3.333,3.019,2.854,3.139,2.997,2.75,3.279,3.421,3.241,3.592,1.173,0.874,1.483,0.955,0.613,1.305,1.688,1.354,2.04,1.05,0.943,1.183,2.584,2.195,2.936,0.748,0.605,0.862,0.882,0.825,0.999,1.724,1.48,1.948,2.241,1.971,2.684,1.41,1.199,1.65,0.93,0.872,1
Mongolia,2002,0.975,0.473,1.433,4.289,3.989,4.622,0.914,0.642,1.185,2.338,2.109,2.566,3.431,3.196,3.766,2.675,2.375,3.034,2.081,1.833,2.39,3.441,3.125,3.728,0.815,0.303,1.189,3.689,3.561,4,1.124,0.796,1.434,3.166,2.932,3.333,3.019,2.854,3.139,2.997,2.75,3.279,3.421,3.241,3.592,1.173,0.874,1.483,0.955,0.613,1.305,1.688,1.354,2.04,1.05,0.943,1.183,2.808,2.44,3.193,0.786,0.675,0.871,0.882,0.825,0.999,1.512,1.3,1.74,2.389,2.109,2.784,1.41,1.199,1.65,0.93,0.872,1
Mongolia,2003,0.975,0.473,1.433,4.289,3.989,4.622,0.914,0.642,1.185,2.338,2.109,2.566,3.499,3.279,3.808,2.675,2.375,3.034,2.081,1.833,2.39,3.441,3.125,3.728,0.815,0.303,1.189,3.689,3.561,4,1.124,0.796,1.434,3.166,2.932,3.333,3.019,2.854,3.139,2.997,2.75,3.279,3.421,3.241,3.592,1.169,0.859,1.463,0.955,0.613,1.305,1.688,1.354,2.04,1.05,0.943,1.183,2.808,2.44,3.193,0.786,0.675,0.871,0.882,0.825,0.999,1.512,1.3,1.74,2.389,2.109,2.784,1.41,1.199,1.65,0.93,0.872,1
Mongolia,2004,0.975,0.473,1.433,4.289,3.989,4.622,0.914,0.642,1.185,2.338,2.109,2.566,3.554,3.346,3.824,2.675,2.375,3.034,2.081,1.833,2.39,3.37,3.084,3.691,0.815,0.303,1.189,3.689,3.561,4,1.124,0.796,1.434,3.166,2.932,3.333,3.019,2.854,3.139,3.02,2.745,3.292,3.421,3.241,3.592,1.161,0.858,1.48,0.955,0.613,1.305,1.688,1.354,2.04,1.05,0.943,1.183,2.753,2.413,3.043,0.764,0.65,0.835,0.882,0.825,0.999,1.512,1.3,1.74,2.303,2.043,2.559,1.459,1.282,1.649,0.93,0.872,1
Mongolia,2005,0.803,0.455,1.123,4.674,4.52,4.94,0.914,0.642,1.185,2.338,2.109,2.566,3.554,3.346,3.824,2.675,2.375,3.034,2.081,1.833,2.39,3.37,3.084,3.691,0.815,0.303,1.189,3.689,3.561,4,1.124,0.796,1.434,3.166,2.932,3.333,3.019,2.854,3.139,3.02,2.745,3.292,3.421,3.241,3.592,1.161,0.858,1.48,0.955,0.613,1.305,1.688,1.354,2.04,0.972,0.868,1.147,2.753,2.413,3.043,0.764,0.65,0.835,0.882,0.825,0.999,1.512,1.3,1.74,2.303,2.043,2.559,1.459,1.282,1.649,0.93,0.872,1
Mongolia,2006,0.811,0.483,1.13,4.674,4.52,4.94,0.914,0.642,1.185,2.338,2.109,2.566,3.554,3.346,3.824,2.675,2.375,3.034,2.081,1.833,2.39,3.37,3.084,3.691,0.815,0.303,1.189,3.689,3.561,4,1.124,0.796,1.434,3.166,2.932,3.333,3.019,2.854,3.139,3.02,2.745,3.292,3.421,3.241,3.592,1.154,0.846,1.438,0.955,0.613,1.305,1.688,1.354,2.04,0.972,0.868,1.147,2.726,2.449,3.069,0.814,0.689,0.918,0.885,0.833,1,1.523,1.255,1.701,2.302,2.047,2.563,1.459,1.282,1.649,0.935,0.882,1
Mongolia,2007,0.793,0.439,1.085,4.684,4.541,4.954,0.914,0.642,1.185,2.338,2.109,2.566,3.554,3.346,3.824,2.675,2.375,3.034,2.081,1.833,2.39,3.37,3.084,3.691,0.815,0.303,1.189,3.689,3.561,4,1.124,0.796,1.434,3.166,2.932,3.333,3.019,2.854,3.139,3.02,2.745,3.292,3.421,3.241,3.592,1.154,0.846,1.438,0.955,0.613,1.305,1.688,1.354,2.04,0.972,0.868,1.147,2.737,2.42,3.034,0.788,0.669,0.878,0.885,0.833,0.999,1.523,1.255,1.701,2.302,2.047,2.563,1.459,1.282,1.649,0.935,0.882,1
Mongolia,2008,0.793,0.439,1.085,4.696,4.532,4.93,0.914,0.642,1.185,2.338,2.109,2.566,3.54,3.328,3.836,2.675,2.375,3.034,2.081,1.833,2.39,3.37,3.084,3.691,0.815,0.303,1.189,3.689,3.561,4,1.124,0.796,1.434,3.166,2.932,3.333,3.019,2.854,3.139,2.999,2.744,3.255,3.382,3.192,3.545,1.164,0.849,1.442,0.955,0.613,1.305,1.688,1.354,2.04,0.817,0.654,1.03,2.766,2.464,3.058,0.763,0.637,0.853,0.884,0.828,1,1.513,1.285,1.729,2.302,2.047,2.563,1.275,1.093,1.442,0.936,0.882,1
Mongolia,2009,0.658,0.331,0.918,4.689,4.544,4.952,0.914,0.642,1.185,2.338,2.109,2.566,3.54,3.328,3.836,2.675,2.375,3.034,2.081,1.833,2.39,3.37,3.084,3.691,0.815,0.303,1.189,3.689,3.561,4,1.124,0.796,1.434,3.166,2.932,3.333,3.019,2.854,3.139,3.031,2.793,3.341,3.413,3.224,3.566,1.162,0.822,1.444,0.955,0.613,1.305,1.688,1.354,2.04,0.907,0.761,1.076,2.741,2.415,3.015,0.771,0.651,0.876,0.878,0.819,0.998,1.503,1.303,1.744,2.302,2.047,2.563,1.275,1.093,1.442,0.933,0.881,1
Mongolia,2010,0.658,0.331,0.918,4.689,4.544,4.952,0.973,0.714,1.308,2.473,2.218,2.667,3.544,3.325,3.823,2.356,2.015,2.646,2.287,1.977,2.622,3.333,3.022,3.647,0.843,0.374,1.282,3.733,3.621,4,1.004,0.732,1.354,3.166,2.932,3.333,2.917,2.774,3.074,2.978,2.75,3.306,3.422,3.228,3.593,1.162,0.822,1.444,1.034,0.707,1.388,1.893,1.598,2.306,0.907,0.762,1.075,3.186,2.901,3.464,0.806,0.691,0.895,0.884,0.83,0.999,1.508,1.285,1.736,2.307,2.033,2.542,1.276,1.093,1.442,0.926,0.877,1
Mongolia,2011,0.658,0.331,0.918,4.695,4.534,4.929,1.058,0.74,1.332,2.473,2.218,2.667,3.444,3.214,3.765,2.356,2.015,2.646,2.287,1.977,2.622,3.333,3.022,3.647,0.843,0.374,1.282,3.733,3.621,4,1.004,0.732,1.354,3.166,2.932,3.333,2.917,2.774,3.074,2.978,2.75,3.306,3.422,3.228,3.593,1.162,0.822,1.444,1.034,0.707,1.388,1.893,1.598,2.306,0.907,0.762,1.075,3.186,2.901,3.464,0.81,0.715,0.891,0.884,0.83,0.999,1.526,1.298,1.742,2.33,2.101,2.59,1.276,1.093,1.442,0.934,0.876,1
Mongolia,2012,0.473,0.246,0.693,4.628,4.469,4.94,1.286,0.973,1.558,2.473,2.218,2.667,3.496,3.277,3.815,2.356,2.015,2.646,2.287,1.977,2.622,3.333,3.022,3.647,0.843,0.374,1.282,3.733,3.621,4,0.868,0.543,1.163,3.068,2.872,3.292,2.682,2.531,2.873,2.952,2.691,3.259,3.422,3.228,3.593,1.159,0.819,1.437,0.989,0.627,1.325,1.893,1.598,2.306,0.907,0.762,1.075,3.186,2.901,3.464,0.796,0.638,0.885,0.886,0.825,0.996,1.511,1.28,1.697,2.33,2.101,2.59,1.314,1.138,1.47,0.941,0.896,1
Mongolia,2013,0.498,0.205,0.758,4.235,3.916,4.579,1.286,0.973,1.558,2.473,2.218,2.667,3.496,3.277,3.815,2.356,2.015,2.646,2.287,1.977,2.622,3.333,3.022,3.647,0.843,0.374,1.282,3.733,3.621,4,0.868,0.543,1.163,3.068,2.872,3.292,2.682,2.531,2.873,2.952,2.691,3.259,3.422,3.228,3.593,1.18,0.87,1.492,0.989,0.627,1.325,1.893,1.598,2.306,0.907,0.762,1.075,2.387,2.065,2.738,0.671,0.534,0.793,0.876,0.821,1,1.567,1.327,1.816,2.115,1.845,2.396,1.152,0.984,1.308,0.915,0.855,1
Mongolia,2014,0.497,0.179,0.719,4.232,3.969,4.638,1.286,0.973,1.558,2.501,2.247,2.708,3.496,3.277,3.815,2.356,2.015,2.646,2.354,2.065,2.696,3.333,3.022,3.647,0.843,0.374,1.282,3.733,3.621,4,0.868,0.543,1.163,3.068,2.872,3.292,2.682,2.531,2.873,2.952,2.691,3.259,3.422,3.228,3.593,1.18,0.87,1.492,0.989,0.627,1.325,1.893,1.598,2.306,0.907,0.762,1.075,2.387,2.065,2.738,0.683,0.533,0.794,0.88,0.819,0.998,1.558,1.332,1.813,2.115,1.845,2.396,1.152,0.984,1.308,0.919,0.855,1
Mongolia,2015,0.368,0.072,0.52,4.246,3.992,4.625,1.631,1.302,1.904,2.501,2.247,2.708,3.496,3.277,3.815,2.356,2.015,2.646,2.354,2.065,2.696,3.333,3.022,3.647,0.843,0.374,1.282,3.733,3.621,4,0.868,0.543,1.163,3.068,2.872,3.292,2.682,2.531,2.873,2.952,2.691,3.259,3.422,3.228,3.593,1.18,0.87,1.492,0.989,0.627,1.325,1.893,1.598,2.306,0.907,0.762,1.075,2.307,1.933,2.638,0.692,0.542,0.795,0.885,0.827,0.998,1.429,1.159,1.66,2.191,1.957,2.514,1.153,0.966,1.292,0.912,0.858,1
Mongolia,2016,0.372,0.062,0.521,4.242,3.99,4.614,1.631,1.302,1.904,2.501,2.247,2.708,3.589,3.422,3.892,2.356,2.015,2.646,2.354,2.065,2.696,3.402,3.166,3.769,0.909,0.438,1.349,3.733,3.621,4,0.929,0.629,1.24,3.18,2.963,3.362,2.922,2.78,3.091,2.97,2.723,3.255,3.422,3.228,3.593,1.17,0.885,1.488,0.989,0.627,1.325,1.893,1.598,2.306,0.907,0.762,1.075,1.917,1.594,2.272,0.679,0.566,0.786,0.884,0.826,1,1.349,1.122,1.627,2.267,1.971,2.543,1.077,0.878,1.202,0.924,0.863,1
Mongolia,2017,0.361,0.093,0.542,4.246,3.962,4.628,1.631,1.302,1.904,2.501,2.247,2.708,3.589,3.422,3.892,2.495,2.191,2.889,2.354,2.065,2.696,3.402,3.166,3.769,0.909,0.438,1.349,3.733,3.621,4,0.929,0.629,1.24,3.18,2.963,3.362,2.922,2.78,3.091,2.97,2.723,3.255,3.422,3.228,3.593,1.166,0.879,1.487,0.989,0.627,1.325,1.893,1.598,2.306,0.907,0.762,1.075,1.679,1.348,2.039,0.617,0.456,0.729,0.883,0.831,1,1.156,0.898,1.38,2.129,1.827,2.391,1.162,0.981,1.315,0.914,0.852,1
Mongolia,2018,0.357,0.087,0.535,3.776,3.433,4.147,1.631,1.302,1.904,2.501,2.247,2.708,3.589,3.422,3.892,2.495,2.191,2.889,2.354,2.065,2.696,3.402,3.166,3.769,0.909,0.438,1.349,3.733,3.621,4,0.929,0.629,1.24,3.18,2.963,3.362,2.922,2.78,3.091,2.97,2.723,3.255,3.422,3.228,3.593,1.151,0.8,1.421,0.989,0.627,1.325,1.893,1.598,2.306,0.907,0.762,1.075,1.49,1.098,1.809,0.628,0.466,0.758,0.89,0.837,1,1.011,0.764,1.251,2.05,1.752,2.312,1.235,1.06,1.406,0.92,0.854,1
North Korea,2000,0.062,0,0.107,0.143,0.011,0.213,3.909,3.828,4,3.732,3.572,4,0.697,0.312,1.135,1.286,1.042,1.689,2.814,2.704,3,0.161,0,0.279,3.95,3.895,4,0.488,0.003,0.724,0.18,0,0.3,0.24,0.001,0.384,0.289,0,0.441,0.218,0,0.345,0.51,0.026,0.76,3.89,3.808,4,3.935,3.87,4,3.709,3.552,3.999,1.976,1.945,2,0.924,0.577,1.36,0.049,0.021,0.109,0.074,0,0.128,2.591,1.544,3.013,0.088,0,0.155,0.016,0,0.036,0.037,0,0.075
North Korea,2001,0.062,0,0.107,0.143,0.011,0.213,3.909,3.828,4,3.732,3.572,4,0.697,0.312,1.135,1.286,1.042,1.689,2.814,2.704,3,0.161,0,0.279,3.95,3.895,4,0.488,0.003,0.724,0.18,0,0.3,0.24,0.001,0.384,0.289,0,0.441,0.218,0,0.345,0.51,0.026,0.76,3.89,3.808,4,3.935,3.87,4,3.709,3.552,3.999,1.976,1.945,2,0.924,0.577,1.36,0.049,0.021,0.109,0.074,0,0.128,2.591,1.544,3.013,0.088,0,0.155,0.016,0,0.036,0.037,0,0.075
North Korea,2002,0.062,0,0.107,0.143,0.011,0.213,3.909,3.828,4,3.732,3.572,4,0.697,0.312,1.135,1.286,1.042,1.689,2.814,2.704,3,0.161,0,0.279,3.95,3.895,4,0.488,0.003,0.724,0.18,0,0.3,0.24,0.001,0.384,0.289,0,0.441,0.218,0,0.345,0.51,0.026,0.76,3.89,3.808,4,3.935,3.87,4,3.709,3.552,3.999,1.976,1.945,2,0.924,0.577,1.36,0.049,0.021,0.109,0.074,0,0.128,2.591,1.544,3.013,0.088,0,0.155,0.016,0,0.036,0.037,0,0.075
North Korea,2003,0.062,0,0.107,0.143,0.011,0.213,3.909,3.828,4,3.732,3.572,4,0.697,0.312,1.135,1.286,1.042,1.689,2.814,2.704,3,0.161,0,0.279,3.95,3.895,4,0.488,0.003,0.724,0.18,0,0.3,0.24,0.001,0.384,0.289,0,0.441,0.218,0,0.345,0.51,0.026,0.76,3.89,3.808,4,3.935,3.87,4,3.709,3.552,3.999,1.976,1.945,2,0.924,0.577,1.36,0.049,0.021,0.109,0.074,0,0.128,2.591,1.544,3.013,0.088,0,0.155,0.016,0,0.036,0.037,0,0.075
North Korea,2004,0.062,0,0.107,0.143,0.011,0.213,3.909,3.828,4,3.732,3.572,4,0.697,0.312,1.135,1.286,1.042,1.689,2.814,2.704,3,0.161,0,0.279,3.95,3.895,4,0.488,0.003,0.724,0.18,0,0.3,0.24,0.001,0.384,0.289,0,0.441,0.218,0,0.345,0.51,0.026,0.76,3.89,3.808,4,3.935,3.87,4,3.709,3.552,3.999,1.976,1.945,2,0.924,0.577,1.36,0.049,0.021,0.109,0.074,0,0.128,2.591,1.544,3.013,0.088,0,0.155,0.016,0,0.036,0.037,0,0.075
North Korea,2005,0.062,0,0.107,0.143,0.011,0.213,3.909,3.828,4,3.732,3.572,4,0.697,0.312,1.135,1.286,1.042,1.689,2.952,2.903,3,0.161,0,0.279,3.95,3.895,4,0.488,0.003,0.724,0.18,0,0.3,0.24,0.001,0.384,0.289,0,0.441,0.218,0,0.345,0.51,0.026,0.76,3.89,3.808,4,3.935,3.87,4,3.709,3.552,3.999,1.976,1.945,2,0.924,0.577,1.36,0.049,0.021,0.109,0.074,0,0.128,2.591,1.544,3.013,0.088,0,0.155,0.016,0,0.036,0.037,0,0.075
North Korea,2006,0.062,0,0.107,0.143,0.011,0.213,3.909,3.828,4,3.732,3.572,4,0.697,0.312,1.135,1.286,1.042,1.689,2.952,2.903,3,0.161,0,0.279,3.95,3.895,4,0.488,0.003,0.724,0.18,0,0.3,0.24,0.001,0.384,0.289,0,0.441,0.218,0,0.345,0.51,0.026,0.76,3.89,3.808,4,3.935,3.87,4,3.709,3.552,3.999,1.976,1.945,2,0.924,0.577,1.36,0.049,0.021,0.109,0.074,0,0.128,2.591,1.544,3.013,0.088,0,0.155,0.016,0,0.036,0.037,0,0.075
North Korea,2007,0.062,0,0.107,0.143,0.011,0.213,3.909,3.828,4,3.732,3.572,4,0.697,0.312,1.135,1.286,1.042,1.689,2.952,2.903,3,0.161,0,0.279,3.95,3.895,4,0.488,0.003,0.724,0.18,0,0.3,0.24,0.001,0.384,0.289,0,0.441,0.218,0,0.345,0.51,0.026,0.76,3.89,3.808,4,3.935,3.87,4,3.709,3.552,3.999,1.976,1.945,2,0.924,0.577,1.36,0.049,0.021,0.109,0.074,0,0.128,2.591,1.544,3.013,0.088,0,0.155,0.016,0,0.036,0.037,0,0.075
North Korea,2008,0.062,0,0.107,0.143,0.011,0.213,3.909,3.828,4,3.732,3.572,4,0.697,0.312,1.135,1.286,1.042,1.689,2.952,2.903,3,0.161,0,0.279,3.95,3.895,4,0.488,0.003,0.724,0.18,0,0.3,0.24,0.001,0.384,0.289,0,0.441,0.218,0,0.345,0.51,0.026,0.76,3.89,3.808,4,3.935,3.87,4,3.709,3.552,3.999,1.976,1.945,2,0.924,0.577,1.36,0.049,0.021,0.109,0.074,0,0.128,2.591,1.544,3.013,0.088,0,0.155,0.016,0,0.036,0.037,0,0.075
North Korea,2009,0.062,0,0.107,0.143,0.011,0.213,3.909,3.828,4,3.732,3.572,4,0.697,0.312,1.135,1.286,1.042,1.689,2.952,2.903,3,0.161,0,0.279,3.95,3.895,4,0.488,0.003,0.724,0.18,0,0.3,0.24,0.001,0.384,0.289,0,0.441,0.218,0,0.345,0.51,0.026,0.76,3.89,3.808,4,3.935,3.87,4,3.709,3.552,3.999,1.976,1.945,2,0.924,0.577,1.36,0.049,0.021,0.109,0.074,0,0.128,2.591,1.544,3.013,0.088,0,0.155,0.016,0,0.036,0.037,0,0.075
North Korea,2010,0.062,0,0.107,0.143,0.011,0.213,3.909,3.828,4,3.732,3.572,4,0.697,0.312,1.135,1.286,1.042,1.689,2.952,2.903,3,0.161,0,0.279,3.95,3.895,4,0.488,0.003,0.724,0.18,0,0.3,0.24,0.001,0.384,0.289,0,0.441,0.218,0,0.345,0.51,0.026,0.76,3.89,3.808,4,3.935,3.87,4,3.709,3.552,3.999,1.976,1.945,2,0.924,0.577,1.36,0.049,0.021,0.109,0.074,0,0.128,2.591,1.544,3.013,0.088,0,0.155,0.016,0,0.036,0.037,0,0.075
North Korea,2011,0.062,0,0.107,0.143,0.011,0.213,3.909,3.828,4,3.732,3.572,4,0.697,0.312,1.135,1.286,1.042,1.689,2.952,2.903,3,0.161,0,0.279,3.95,3.895,4,0.488,0.003,0.724,0.18,0,0.3,0.24,0.001,0.384,0.289,0,0.441,0.218,0,0.345,0.51,0.026,0.76,3.89,3.808,4,3.935,3.87,4,3.709,3.552,3.999,1.976,1.945,2,0.924,0.577,1.36,0.049,0.021,0.109,0.074,0,0.128,2.591,1.544,3.013,0.088,0,0.155,0.016,0,0.036,0.037,0,0.075
North Korea,2012,0.062,0,0.107,0.143,0.011,0.213,3.909,3.828,4,3.732,3.572,4,0.697,0.312,1.135,1.286,1.042,1.689,2.952,2.903,3,0.161,0,0.279,3.95,3.895,4,0.488,0.003,0.724,0.18,0,0.3,0.24,0.001,0.384,0.289,0,0.441,0.218,0,0.345,0.51,0.026,0.76,3.89,3.808,4,3.935,3.87,4,3.709,3.552,3.999,1.976,1.945,2,0.924,0.577,1.36,0.049,0.021,0.109,0.074,0,0.128,2.473,1.378,2.851,0.088,0,0.155,0.016,0,0.036,0.037,0,0.075
North Korea,2013,0.12,0,0.192,0.128,0,0.21,3.909,3.828,4,3.732,3.572,4,0.697,0.312,1.135,1.286,1.042,1.689,2.952,2.903,3,0.161,0,0.279,3.95,3.895,4,0.488,0.003,0.724,0.058,0,0.111,0.24,0.001,0.384,0.289,0,0.441,0.218,0,0.345,0.51,0.026,0.76,3.89,3.808,4,3.935,3.87,4,3.709,3.552,3.999,1.976,1.945,2,0.924,0.577,1.36,0.049,0.021,0.109,0.052,0,0.102,2.473,1.378,2.851,0.088,0,0.155,0.016,0,0.036,0.037,0,0.075
North Korea,2014,0.12,0,0.192,0.128,0,0.21,3.909,3.828,4,3.732,3.572,4,0.697,0.312,1.135,1.286,1.042,1.689,2.952,2.903,3,0.161,0,0.279,3.95,3.895,4,0.488,0.003,0.724,0.058,0,0.111,0.24,0.001,0.384,0.289,0,0.441,0.218,0,0.345,0.51,0.026,0.76,3.89,3.808,4,3.935,3.87,4,3.709,3.552,3.999,1.976,1.945,2,0.924,0.577,1.36,0.049,0.021,0.109,0.052,0,0.102,2.473,1.378,2.851,0.088,0,0.155,0.016,0,0.036,0.037,0,0.075
North Korea,2015,0.12,0,0.192,0.128,0,0.21,3.909,3.828,4,3.732,3.572,4,0.697,0.312,1.135,1.286,1.042,1.689,2.952,2.903,3,0.161,0,0.279,3.95,3.895,4,0.488,0.003,0.724,0.058,0,0.111,0.24,0.001,0.384,0.289,0,0.441,0.218,0,0.345,0.51,0.026,0.76,3.89,3.808,4,3.935,3.87,4,3.709,3.552,3.999,1.976,1.945,2,0.924,0.577,1.36,0.049,0.021,0.109,0.052,0,0.102,2.473,1.378,2.851,0.088,0,0.155,0.016,0,0.036,0.037,0,0.075
North Korea,2016,0.12,0,0.192,0.128,0,0.21,3.909,3.828,4,3.732,3.572,4,0.697,0.312,1.135,1.286,1.042,1.689,2.952,2.903,3,0.161,0,0.279,3.95,3.895,4,0.488,0.003,0.724,0.058,0,0.111,0.24,0.001,0.384,0.289,0,0.441,0.218,0,0.345,0.51,0.026,0.76,3.89,3.808,4,3.935,3.87,4,3.709,3.552,3.999,1.976,1.945,2,0.924,0.577,1.36,0.049,0.021,0.109,0.052,0,0.102,2.473,1.378,2.851,0.088,0,0.155,0.016,0,0.036,0.037,0,0.075
North Korea,2017,0.12,0,0.192,0.177,0.001,0.271,3.909,3.828,4,3.732,3.572,4,0.697,0.312,1.135,1.286,1.042,1.689,2.952,2.903,3,0.161,0,0.279,3.95,3.895,4,0.488,0.003,0.724,0.058,0,0.111,0.24,0.001,0.384,0.289,0,0.441,0.218,0,0.345,0.51,0.026,0.76,3.89,3.808,4,3.935,3.87,4,3.709,3.552,3.999,1.976,1.945,2,0.306,0.001,0.471,0.037,0.013,0.082,0.052,0,0.102,2.473,1.378,2.851,0.088,0,0.155,0.016,0,0.036,0.037,0,0.075
North Korea,2018,0.12,0,0.192,0.166,0.003,0.263,3.909,3.828,4,3.732,3.572,4,0.697,0.312,1.135,1.286,1.042,1.689,2.952,2.903,3,0.161,0,0.279,3.95,3.895,4,0.488,0.003,0.724,0.058,0,0.111,0.24,0.001,0.384,0.289,0,0.441,0.218,0,0.345,0.51,0.026,0.76,3.89,3.808,4,3.935,3.87,4,3.709,3.552,3.999,1.976,1.945,2,0.306,0.001,0.471,0.037,0.013,0.082,0.052,0,0.102,2.473,1.378,2.851,0.088,0,0.155,0.016,0,0.036,0.037,0,0.075
South Korea,2000,0.652,0.465,0.83,4.301,3.954,4.679,2.726,2.413,3.008,3.156,2.843,3.45,3.553,3.278,3.779,3.645,3.492,3.971,2.301,2.033,2.527,3.019,2.798,3.291,2.481,2.043,3.034,3.98,3.955,4,2.495,2.167,2.72,3.799,3.713,4,3.83,3.75,3.999,3.249,3.008,3.485,3.974,3.945,4,1.128,0.634,1.616,2.357,2.045,2.66,1.048,0.842,1.312,1.283,1.14,1.424,2.868,2.563,3.109,0.9,0.818,0.956,0.984,0.962,1,1.976,1.726,2.291,3.037,2.707,3.315,1.888,1.814,1.999,0.95,0.912,1
South Korea,2001,0.652,0.465,0.83,4.301,3.954,4.679,2.726,2.413,3.008,3.156,2.843,3.45,3.553,3.278,3.779,3.645,3.492,3.971,2.301,2.033,2.527,3.019,2.798,3.291,2.481,2.043,3.034,3.98,3.955,4,2.495,2.167,2.72,3.799,3.713,4,3.83,3.75,3.999,3.249,3.008,3.485,3.974,3.945,4,1.128,0.634,1.616,2.357,2.045,2.66,1.048,0.842,1.312,1.283,1.14,1.424,2.868,2.563,3.109,0.9,0.818,0.956,0.984,0.962,1,1.976,1.726,2.291,3.037,2.707,3.315,1.888,1.814,1.999,0.95,0.912,1
South Korea,2002,0.652,0.465,0.83,4.301,3.954,4.679,2.726,2.413,3.008,3.156,2.843,3.45,3.553,3.278,3.779,3.645,3.492,3.971,2.301,2.033,2.527,3.019,2.798,3.291,2.481,2.043,3.034,3.98,3.955,4,2.495,2.167,2.72,3.799,3.713,4,3.83,3.75,3.999,3.249,3.008,3.485,3.974,3.945,4,1.128,0.634,1.616,2.357,2.045,2.66,1.048,0.842,1.312,1.212,1.07,1.343,2.868,2.563,3.109,0.9,0.818,0.956,0.984,0.962,1,2.064,1.782,2.349,3.037,2.707,3.315,1.888,1.814,1.999,0.95,0.912,1
South Korea,2003,0.652,0.465,0.83,4.337,4.056,4.726,2.726,2.413,3.008,3.156,2.843,3.45,3.553,3.278,3.779,3.645,3.492,3.971,2.301,2.033,2.527,3.019,2.798,3.291,2.481,2.043,3.034,3.98,3.955,4,2.495,2.167,2.72,3.799,3.713,4,3.83,3.75,3.999,3.249,3.008,3.485,3.974,3.945,4,1.063,0.493,1.484,2.357,2.045,2.66,1.048,0.842,1.312,1.212,1.07,1.343,2.868,2.563,3.109,0.9,0.818,0.956,0.984,0.962,1,2.281,1.995,2.583,3.037,2.707,3.315,1.888,1.814,1.999,0.95,0.912,1
South Korea,2004,0.652,0.465,0.83,4.337,4.056,4.726,2.726,2.413,3.008,3.156,2.843,3.45,3.553,3.278,3.779,3.645,3.492,3.971,2.301,2.033,2.527,3.019,2.798,3.291,2.481,2.043,3.034,3.98,3.955,4,2.495,2.167,2.72,3.799,3.713,4,3.83,3.75,3.999,3.249,3.008,3.485,3.974,3.945,4,1.063,0.493,1.484,2.357,2.045,2.66,1.048,0.842,1.312,1.212,1.07,1.343,2.868,2.563,3.109,0.9,0.818,0.956,0.984,0.962,1,2.438,2.277,2.621,3.037,2.707,3.315,1.888,1.814,1.999,0.95,0.912,1
South Korea,2005,0.652,0.465,0.83,4.337,4.056,4.726,2.726,2.413,3.008,3.156,2.843,3.45,3.553,3.278,3.779,3.645,3.492,3.971,2.301,2.033,2.527,3.019,2.798,3.291,2.481,2.043,3.034,3.98,3.955,4,2.495,2.167,2.72,3.799,3.713,4,3.83,3.75,3.999,3.249,3.008,3.485,3.974,3.945,4,1.063,0.493,1.484,2.357,2.045,2.66,1.048,0.842,1.312,1.212,1.07,1.343,2.868,2.563,3.109,0.9,0.818,0.956,0.984,0.962,1,2.438,2.277,2.621,3.037,2.707,3.315,1.888,1.814,1.999,0.95,0.912,1
South Korea,2006,0.652,0.465,0.83,4.337,4.056,4.726,2.726,2.413,3.008,3.156,2.843,3.45,3.553,3.278,3.779,3.645,3.492,3.971,2.301,2.033,2.527,3.019,2.798,3.291,2.481,2.043,3.034,3.98,3.955,4,2.495,2.167,2.72,3.799,3.713,4,3.83,3.75,3.999,3.249,3.008,3.485,3.974,3.945,4,1.063,0.493,1.484,2.357,2.045,2.66,1.048,0.842,1.312,1.212,1.07,1.343,2.868,2.563,3.109,0.9,0.818,0.956,0.984,0.962,1,2.438,2.277,2.621,3.037,2.707,3.315,1.888,1.814,1.999,0.95,0.912,1
South Korea,2007,0.652,0.465,0.83,4.337,4.056,4.726,2.726,2.413,3.008,3.156,2.843,3.45,3.553,3.278,3.779,3.645,3.492,3.971,2.301,2.033,2.527,3.019,2.798,3.291,2.481,2.043,3.034,3.98,3.955,4,2.495,2.167,2.72,3.799,3.713,4,3.83,3.75,3.999,3.249,3.008,3.485,3.974,3.945,4,1.063,0.493,1.484,2.357,2.045,2.66,1.048,0.842,1.312,1.212,1.07,1.343,2.868,2.563,3.109,0.9,0.818,0.956,0.984,0.962,1,2.438,2.277,2.621,3.037,2.707,3.315,1.888,1.814,1.999,0.95,0.912,1
South Korea,2008,0.652,0.465,0.83,3.787,3.463,4.109,2.726,2.413,3.008,3.156,2.843,3.45,3.345,3.073,3.582,3.277,3,3.529,2.301,2.033,2.527,2.943,2.697,3.19,2.481,2.043,3.034,3.98,3.955,4,2.495,2.167,2.72,3.799,3.713,4,3.536,3.379,3.74,2.984,2.772,3.211,3.974,3.945,4,1.063,0.493,1.484,2.357,2.045,2.66,0.886,0.664,1.121,1.212,1.07,1.343,2.822,2.602,3.006,0.894,0.829,0.953,0.984,0.962,1,2.438,2.277,2.621,2.914,2.686,3.106,1.893,1.83,2,0.95,0.912,1
South Korea,2009,0.652,0.465,0.83,3.787,3.463,4.109,2.726,2.413,3.008,3.156,2.843,3.45,3.345,3.073,3.582,3.277,3,3.529,2.301,2.033,2.527,2.943,2.697,3.19,2.481,2.043,3.034,3.98,3.955,4,2.495,2.167,2.72,3.799,3.713,4,3.536,3.379,3.74,2.984,2.772,3.211,3.974,3.945,4,1.063,0.493,1.484,2.357,2.045,2.66,0.886,0.664,1.121,1.212,1.07,1.343,2.822,2.602,3.006,0.894,0.829,0.953,0.984,0.962,1,2.438,2.277,2.621,2.914,2.686,3.106,1.893,1.83,2,0.95,0.912,1
South Korea,2010,0.652,0.465,0.83,3.787,3.463,4.109,2.726,2.413,3.008,3.156,2.843,3.45,3.345,3.073,3.582,3.277,3,3.529,2.301,2.033,2.527,2.943,2.697,3.19,2.481,2.043,3.034,3.98,3.955,4,2.495,2.167,2.72,3.799,3.713,4,3.536,3.379,3.74,2.984,2.772,3.211,3.974,3.945,4,1.063,0.493,1.484,2.357,2.045,2.66,0.886,0.664,1.121,1.212,1.07,1.343,2.822,2.602,3.006,0.894,0.829,0.953,0.984,0.962,1,2.438,2.277,2.621,2.914,2.686,3.106,1.893,1.83,2,0.95,0.912,1
South Korea,2011,0.652,0.465,0.83,3.787,3.463,4.109,2.726,2.413,3.008,3.156,2.843,3.45,3.345,3.073,3.582,3.277,3,3.529,2.301,2.033,2.527,2.943,2.697,3.19,2.481,2.043,3.034,3.98,3.955,4,2.495,2.167,2.72,3.799,3.713,4,3.536,3.379,3.74,2.984,2.772,3.211,3.974,3.945,4,1.063,0.493,1.484,2.357,2.045,2.66,0.886,0.664,1.121,1.212,1.07,1.343,2.822,2.602,3.006,0.894,0.829,0.953,0.984,0.962,1,2.438,2.277,2.621,2.914,2.686,3.106,1.893,1.83,2,0.95,0.912,1
South Korea,2012,0.652,0.465,0.83,3.787,3.463,4.109,2.726,2.413,3.008,3.156,2.843,3.45,3.345,3.073,3.582,2.886,2.644,3.11,2.301,2.033,2.527,2.943,2.697,3.19,2.481,2.043,3.034,3.98,3.955,4,2.495,2.167,2.72,3.799,3.713,4,3.536,3.379,3.74,2.984,2.772,3.211,3.974,3.945,4,1.063,0.493,1.484,2.357,2.045,2.66,0.886,0.664,1.121,1.212,1.07,1.343,2.822,2.602,3.006,0.894,0.829,0.953,0.984,0.962,1,2.438,2.277,2.621,2.914,2.686,3.106,1.893,1.83,2,0.95,0.912,1
South Korea,2013,0.77,0.516,0.997,3.745,3.4,4.251,2.726,2.413,3.008,3.156,2.843,3.45,3.345,3.073,3.582,3.271,3.021,3.519,2.301,2.033,2.527,2.943,2.697,3.19,2.481,2.043,3.034,3.98,3.955,4,2.495,2.167,2.72,3.799,3.713,4,3.536,3.379,3.74,2.984,2.772,3.211,3.974,3.945,4,1.063,0.493,1.484,2.357,2.045,2.66,0.886,0.664,1.121,1.212,1.07,1.343,2.65,2.357,2.951,0.833,0.721,0.911,0.974,0.94,1,2.732,2.41,3.037,2.988,2.637,3.281,1.596,1.406,1.891,0.948,0.901,1
South Korea,2014,0.77,0.516,0.997,3.745,3.4,4.251,2.726,2.413,3.008,3.156,2.843,3.45,3.345,3.073,3.582,3.271,3.021,3.519,2.301,2.033,2.527,2.943,2.697,3.19,2.481,2.043,3.034,3.98,3.955,4,2.495,2.167,2.72,3.799,3.713,4,3.536,3.379,3.74,2.984,2.772,3.211,3.974,3.945,4,1.063,0.493,1.484,2.357,2.045,2.66,0.886,0.664,1.121,1.212,1.07,1.343,2.65,2.357,2.951,0.84,0.686,0.927,0.971,0.936,1,2.685,2.356,2.979,2.988,2.637,3.281,1.518,1.321,1.862,0.942,0.891,1
South Korea,2015,0.947,0.674,1.232,3.832,3.38,4.238,2.726,2.413,3.008,3.156,2.843,3.45,3.345,3.073,3.582,3.271,3.021,3.519,2.301,2.033,2.527,2.943,2.697,3.19,2.481,2.043,3.034,3.98,3.955,4,2.495,2.167,2.72,3.799,3.713,4,3.536,3.379,3.74,2.984,2.772,3.211,3.974,3.945,4,1.063,0.493,1.484,2.357,2.045,2.66,0.886,0.664,1.121,1.212,1.07,1.343,2.65,2.357,2.951,0.84,0.686,0.927,0.971,0.936,1,2.685,2.356,2.979,2.988,2.637,3.281,1.518,1.321,1.862,0.942,0.891,1
South Korea,2016,1.165,0.875,1.457,3.832,3.38,4.238,2.726,2.413,3.008,3.156,2.843,3.45,3.345,3.073,3.582,3.271,3.021,3.519,2.301,2.033,2.527,2.943,2.697,3.19,2.481,2.043,3.034,3.98,3.955,4,2.495,2.167,2.72,3.799,3.713,4,3.536,3.379,3.74,2.984,2.772,3.211,3.974,3.945,4,1.063,0.493,1.484,2.357,2.045,2.66,0.886,0.664,1.121,1.212,1.07,1.343,2.785,2.477,3.093,0.904,0.83,0.956,0.971,0.936,1,2.685,2.356,2.979,3.219,2.908,3.588,1.803,1.692,2,0.942,0.891,1
South Korea,2017,0.878,0.619,1.179,4.245,3.879,4.693,2.726,2.413,3.008,3.156,2.843,3.45,3.523,3.279,3.766,3.631,3.485,3.962,2.301,2.033,2.527,3.155,2.899,3.381,2.481,2.043,3.034,3.98,3.955,4,2.495,2.167,2.72,3.799,3.713,4,3.722,3.572,3.941,3.396,3.164,3.656,3.974,3.945,4,1.063,0.493,1.484,2.357,2.045,2.66,0.886,0.664,1.121,1.212,1.07,1.343,3.21,2.899,3.605,0.886,0.787,0.945,0.975,0.942,1,2.703,2.38,3.007,3.24,2.909,3.606,1.539,1.311,1.856,0.937,0.884,1
South Korea,2018,0.878,0.597,1.126,4.245,3.879,4.693,2.726,2.413,3.008,3.156,2.843,3.45,3.523,3.279,3.766,3.631,3.485,3.962,2.301,2.033,2.527,3.155,2.899,3.381,2.481,2.043,3.034,3.98,3.955,4,2.495,2.167,2.72,3.799,3.713,4,3.722,3.572,3.941,3.396,3.164,3.656,3.974,3.945,4,1.063,0.493,1.484,2.357,2.045,2.66,0.886,0.664,1.121,1.212,1.07,1.343,3.368,3.113,3.788,0.925,0.853,0.964,0.748,0.651,1,2.698,2.399,3.059,3.575,3.401,3.961,1.529,1.275,1.832,0.937,0.882,1
Taiwan,2000,0.723,0.458,0.953,3.799,3.403,4.221,2.489,2.211,2.712,2.978,2.649,3.289,3.063,2.88,3.262,3.012,2.836,3.207,1.598,1.415,1.825,3.512,3.292,3.803,1.904,1.588,2.292,3.844,3.769,4,1.704,1.467,1.985,3.177,2.985,3.403,3.875,3.803,4,3.07,2.795,3.318,3.836,3.748,4,1.747,1.292,2.145,1.006,0.694,1.347,1.434,1.212,1.707,1.029,0.923,1.178,2.73,2.448,2.97,0.921,0.846,0.965,0.795,0.663,0.925,1.677,1.494,1.869,3.409,3.17,3.756,1.824,1.728,2,0.985,0.968,1
Taiwan,2001,0.723,0.458,0.953,3.863,3.47,4.227,2.489,2.211,2.712,2.978,2.649,3.289,3.063,2.88,3.262,3.012,2.836,3.207,1.598,1.415,1.825,3.512,3.292,3.803,1.904,1.588,2.292,3.844,3.769,4,1.704,1.467,1.985,3.177,2.985,3.403,3.875,3.803,4,3.07,2.795,3.318,3.836,3.748,4,1.747,1.292,2.145,1.006,0.694,1.347,1.434,1.212,1.707,1.029,0.923,1.178,2.73,2.448,2.97,0.921,0.846,0.965,0.795,0.663,0.925,1.677,1.494,1.869,3.409,3.17,3.756,1.824,1.728,2,0.985,0.968,1
Taiwan,2002,0.723,0.458,0.953,3.863,3.47,4.227,2.489,2.211,2.712,2.978,2.649,3.289,3.063,2.88,3.262,3.012,2.836,3.207,1.598,1.415,1.825,3.512,3.292,3.803,1.904,1.588,2.292,3.844,3.769,4,1.704,1.467,1.985,3.177,2.985,3.403,3.875,3.803,4,3.07,2.795,3.318,3.836,3.748,4,1.747,1.292,2.145,1.006,0.694,1.347,1.434,1.212,1.707,1.029,0.923,1.178,2.73,2.448,2.97,0.921,0.846,0.965,0.795,0.663,0.925,1.677,1.494,1.869,3.409,3.17,3.756,1.824,1.728,2,0.985,0.968,1
Taiwan,2003,0.723,0.458,0.953,3.863,3.47,4.227,2.489,2.211,2.712,2.978,2.649,3.289,3.063,2.88,3.262,3.012,2.836,3.207,1.598,1.415,1.825,3.512,3.292,3.803,1.904,1.588,2.292,3.844,3.769,4,1.704,1.467,1.985,3.177,2.985,3.403,3.868,3.799,4,3.07,2.795,3.318,3.836,3.748,4,1.747,1.292,2.145,1.006,0.694,1.347,1.434,1.212,1.707,1.029,0.923,1.178,2.73,2.448,2.97,0.921,0.846,0.965,0.795,0.663,0.925,1.677,1.494,1.869,3.409,3.17,3.756,1.824,1.728,2,0.985,0.968,1
Taiwan,2004,0.723,0.458,0.953,3.863,3.47,4.227,2.489,2.211,2.712,2.978,2.649,3.289,3.063,2.88,3.262,3.012,2.836,3.207,1.598,1.415,1.825,3.512,3.292,3.803,1.904,1.588,2.292,3.844,3.769,4,1.704,1.467,1.985,3.177,2.985,3.403,3.877,3.805,4,3.07,2.795,3.318,3.836,3.748,4,1.747,1.292,2.145,1.006,0.694,1.347,1.434,1.212,1.707,1.029,0.923,1.178,2.73,2.448,2.97,0.921,0.846,0.965,0.795,0.663,0.925,1.677,1.494,1.869,3.409,3.17,3.756,1.824,1.728,2,0.985,0.968,1
Taiwan,2005,0.723,0.458,0.953,3.863,3.47,4.227,2.489,2.211,2.712,2.978,2.649,3.289,3.063,2.88,3.262,3.012,2.836,3.207,1.598,1.415,1.825,3.512,3.292,3.803,1.904,1.588,2.292,3.844,3.769,4,1.704,1.467,1.985,3.177,2.985,3.403,3.877,3.805,4,3.07,2.795,3.318,3.836,3.748,4,1.747,1.292,2.145,1.006,0.694,1.347,1.434,1.212,1.707,1.029,0.923,1.178,2.73,2.448,2.97,0.921,0.846,0.965,0.795,0.663,0.925,1.677,1.494,1.869,3.409,3.17,3.756,1.824,1.728,2,0.985,0.968,1
Taiwan,2006,0.723,0.458,0.953,3.863,3.47,4.227,2.489,2.211,2.712,2.978,2.649,3.289,3.063,2.88,3.262,3.012,2.836,3.207,1.598,1.415,1.825,3.512,3.292,3.803,1.904,1.588,2.292,3.844,3.769,4,1.704,1.467,1.985,3.177,2.985,3.403,3.877,3.805,4,3.074,2.823,3.351,3.836,3.748,4,1.747,1.292,2.145,1.006,0.694,1.347,1.434,1.212,1.707,1.029,0.923,1.178,2.73,2.448,2.97,0.921,0.846,0.965,0.795,0.663,0.925,1.677,1.494,1.869,3.409,3.17,3.756,1.824,1.728,2,0.985,0.968,1
Taiwan,2007,0.723,0.458,0.953,3.863,3.47,4.227,2.489,2.211,2.712,2.978,2.649,3.289,3.063,2.88,3.262,3.012,2.836,3.207,1.598,1.415,1.825,3.512,3.292,3.803,1.904,1.588,2.292,3.844,3.769,4,1.704,1.467,1.985,3.177,2.985,3.403,3.877,3.805,4,3.079,2.845,3.376,3.836,3.748,4,1.747,1.292,2.145,1.006,0.694,1.347,1.434,1.212,1.707,1.029,0.923,1.178,2.73,2.448,2.97,0.921,0.846,0.965,0.795,0.663,0.925,1.677,1.494,1.869,3.409,3.17,3.756,1.824,1.728,2,0.985,0.968,1
Taiwan,2008,0.723,0.458,0.953,3.412,3.098,3.823,2.489,2.211,2.712,2.978,2.649,3.289,3.063,2.88,3.262,3.012,2.836,3.207,1.598,1.415,1.825,3.512,3.292,3.803,1.904,1.588,2.292,3.844,3.769,4,1.704,1.467,1.985,3.177,2.985,3.403,3.877,3.805,4,3.079,2.845,3.376,3.836,3.748,4,1.747,1.292,2.145,1.006,0.694,1.347,1.434,1.212,1.707,1.029,0.923,1.178,2.666,2.403,2.91,0.848,0.722,0.927,0.795,0.663,0.925,1.677,1.494,1.869,2.973,2.667,3.255,1.498,1.291,1.732,0.985,0.968,1
Taiwan,2009,0.75,0.529,0.95,3.433,3.153,3.742,2.489,2.211,2.712,2.978,2.649,3.289,3.063,2.88,3.262,3.012,2.836,3.207,1.598,1.415,1.825,3.512,3.292,3.803,1.904,1.588,2.292,3.844,3.769,4,1.704,1.467,1.985,3.177,2.985,3.403,3.877,3.805,4,3.079,2.845,3.376,3.836,3.748,4,1.747,1.292,2.145,1.006,0.694,1.347,1.434,1.212,1.707,1.029,0.923,1.178,2.568,2.314,2.756,0.777,0.623,0.868,0.795,0.663,0.925,1.677,1.494,1.869,2.605,2.38,2.874,1.506,1.307,1.741,0.985,0.968,1
Taiwan,2010,0.75,0.529,0.95,3.433,3.153,3.742,2.508,2.281,2.779,2.978,2.649,3.289,3.061,2.877,3.256,3.133,2.91,3.303,1.602,1.415,1.816,3.495,3.229,3.726,1.896,1.513,2.263,3.842,3.763,4,1.699,1.482,1.99,3.173,2.991,3.403,3.865,3.793,4,3.052,2.814,3.336,3.836,3.742,4,1.747,1.292,2.145,0.988,0.679,1.355,1.306,1.077,1.608,1.029,0.928,1.171,2.568,2.314,2.756,0.806,0.692,0.891,0.798,0.697,0.938,1.677,1.494,1.869,2.605,2.38,2.874,1.624,1.441,1.804,0.985,0.968,1
Taiwan,2011,0.75,0.529,0.95,3.433,3.153,3.742,2.508,2.281,2.779,3.16,2.845,3.467,3.061,2.877,3.256,3.133,2.94,3.321,1.595,1.415,1.829,3.495,3.229,3.726,1.896,1.513,2.263,3.842,3.763,4,1.699,1.482,1.99,3.173,2.991,3.403,3.865,3.793,4,3.052,2.814,3.336,3.836,3.742,4,1.747,1.292,2.145,0.988,0.679,1.355,1.306,1.077,1.608,1.029,0.928,1.171,2.568,2.314,2.756,0.806,0.692,0.891,0.798,0.697,0.938,1.677,1.494,1.869,2.605,2.38,2.874,1.624,1.441,1.804,0.985,0.968,1
Taiwan,2012,0.75,0.529,0.95,3.433,3.153,3.742,2.508,2.281,2.779,3.16,2.845,3.467,3.061,2.877,3.256,3.133,2.94,3.321,1.675,1.451,1.892,3.495,3.229,3.726,1.956,1.588,2.272,3.842,3.763,4,1.699,1.482,1.99,3.173,2.991,3.403,3.865,3.793,4,3.052,2.814,3.336,3.836,3.742,4,1.747,1.292,2.145,0.988,0.679,1.355,1.306,1.077,1.608,1.029,0.928,1.171,2.568,2.314,2.756,0.806,0.692,0.891,0.798,0.697,0.938,1.677,1.494,1.869,2.605,2.38,2.874,1.624,1.441,1.804,0.985,0.968,1
Taiwan,2013,1.121,0.755,1.381,3.716,3.357,4.138,2.508,2.281,2.779,3.16,2.845,3.467,3.061,2.877,3.256,3.133,2.94,3.321,1.675,1.451,1.892,3.495,3.229,3.726,1.956,1.588,2.272,3.842,3.763,4,1.699,1.482,1.99,3.173,2.991,3.403,3.865,3.793,4,3.052,2.814,3.336,3.836,3.742,4,1.747,1.292,2.145,0.988,0.679,1.355,1.306,1.077,1.608,0.984,0.861,1.116,2.163,1.911,2.476,0.749,0.602,0.854,0.944,0.896,1,1.511,1.274,1.785,2.348,2.061,2.635,1.593,1.381,1.834,0.974,0.941,1
Taiwan,2014,1.124,0.793,1.389,3.716,3.357,4.138,2.508,2.281,2.779,3.16,2.845,3.467,3.061,2.877,3.256,3.133,2.94,3.321,1.675,1.451,1.892,3.495,3.229,3.726,1.956,1.588,2.272,3.842,3.763,4,1.699,1.482,1.99,3.173,2.991,3.403,3.865,3.793,4,3.052,2.814,3.336,3.836,3.742,4,1.747,1.292,2.145,0.988,0.679,1.355,1.306,1.077,1.608,0.984,0.861,1.116,2.163,1.911,2.476,0.749,0.602,0.854,0.944,0.896,1,1.511,1.274,1.785,2.348,2.061,2.635,1.593,1.381,1.834,0.974,0.941,1
Taiwan,2015,1.26,0.964,1.563,3.716,3.357,4.138,2.508,2.281,2.779,3.16,2.845,3.467,3.061,2.877,3.256,3.133,2.94,3.321,1.675,1.451,1.892,3.495,3.229,3.726,1.956,1.588,2.272,3.842,3.763,4,1.699,1.482,1.99,3.173,2.991,3.403,3.878,3.804,4,3.114,2.786,3.332,3.836,3.742,4,1.747,1.292,2.145,0.988,0.679,1.355,1.306,1.077,1.608,0.984,0.861,1.116,2.163,1.911,2.476,0.749,0.602,0.854,0.944,0.896,1,1.511,1.274,1.785,2.348,2.061,2.635,1.593,1.381,1.834,0.974,0.941,1
Taiwan,2016,1.557,1.233,1.843,3.726,3.349,4.146,2.508,2.281,2.779,3.402,3.145,3.744,3.061,2.877,3.256,3.133,2.94,3.321,1.675,1.451,1.892,3.495,3.229,3.726,1.956,1.588,2.272,3.844,3.765,4,1.699,1.482,1.99,3.173,2.991,3.403,3.874,3.797,4,3.105,2.821,3.337,3.836,3.742,4,1.747,1.292,2.145,0.988,0.679,1.355,1.306,1.077,1.608,0.984,0.861,1.116,2.629,2.332,2.875,0.837,0.735,0.918,0.945,0.896,1,1.512,1.277,1.792,3.001,2.707,3.337,1.516,1.29,1.74,0.973,0.94,1
Taiwan,2017,1.554,1.2,1.844,3.644,3.257,4.023,2.508,2.281,2.779,3.402,3.145,3.744,3.061,2.877,3.256,3.133,2.94,3.321,1.675,1.451,1.892,3.495,3.229,3.726,1.956,1.588,2.272,3.843,3.766,4,1.699,1.482,1.99,3.173,2.991,3.403,3.869,3.794,4,3.105,2.821,3.337,3.836,3.742,4,1.747,1.292,2.145,0.988,0.679,1.355,1.306,1.077,1.608,0.979,0.874,1.13,2.521,2.246,2.811,0.83,0.705,0.91,0.945,0.894,1,1.659,1.43,1.893,3.085,2.772,3.422,1.514,1.274,1.72,0.896,0.838,1
Taiwan,2018,1.554,1.2,1.844,3.405,2.982,3.92,2.508,2.281,2.779,3.42,3.167,3.777,3.061,2.877,3.256,3.133,2.94,3.321,1.675,1.451,1.892,3.495,3.229,3.726,1.956,1.588,2.272,3.843,3.766,4,1.699,1.482,1.99,3.173,2.991,3.403,3.869,3.794,4,3.105,2.821,3.337,3.836,3.742,4,1.747,1.292,2.145,0.988,0.679,1.355,1.306,1.077,1.608,0.979,0.874,1.13,2.679,2.415,2.988,0.843,0.759,0.912,0.58,0.424,0.776,2.099,1.682,2.531,3.216,2.829,3.561,1.48,1.25,1.752,0.97,0.935,1